<metadata xml:lang="en"><Esri><CreaDate>20240529</CreaDate><CreaTime>12012900</CreaTime><ArcGISFormat>1.0</ArcGISFormat><SyncOnce>FALSE</SyncOnce><DataProperties><lineage><Process ToolSource="c:\program files\arcgis\pro\Resources\ArcToolbox\toolboxes\Conversion Tools.tbx\ExportFeatures" Date="20240529" Time="120129">ExportFeatures MUNICIPAL\OC_MUNIBND_2023\OC_MUNIBND_2023 C:\ARCGIS_PRO\DATA\MUNICIPAL_BOUNDARIES\MUNICIPAL.gdb\OC_MUNIBNDRY_2023 # NOT_USE_ALIAS "OBJECTID_1 "OBJECTID_1" true true false 0 Long 0 0,First,#,MUNICIPAL\OC_MUNIBND_2023\OC_MUNIBND_2023,OBJECTID_1,-1,-1;OBJECTID_2 "OBJECTID_2" true true false 0 Long 0 0,First,#,MUNICIPAL\OC_MUNIBND_2023\OC_MUNIBND_2023,OBJECTID_2,-1,-1;OBJECTID_3 "OBJECTID_3" true true false 0 Long 0 0,First,#,MUNICIPAL\OC_MUNIBND_2023\OC_MUNIBND_2023,OBJECTID_3,-1,-1;CITY "CITY" true true false 50 Text 0 0,First,#,MUNICIPAL\OC_MUNIBND_2023\OC_MUNIBND_2023,CITY,0,49;TOWN "TOWN" true true false 50 Text 0 0,First,#,MUNICIPAL\OC_MUNIBND_2023\OC_MUNIBND_2023,TOWN,0,49;VILLAGE "VILLAGE" true true false 50 Text 0 0,First,#,MUNICIPAL\OC_MUNIBND_2023\OC_MUNIBND_2023,VILLAGE,0,49;Acres "Acres" true true false 0 Double 0 0,First,#,MUNICIPAL\OC_MUNIBND_2023\OC_MUNIBND_2023,Acres,-1,-1;NAME "NAME" true true false 50 Text 0 0,First,#,MUNICIPAL\OC_MUNIBND_2023\OC_MUNIBND_2023,NAME,0,49;UniqueName "UniqueName" true true false 35 Text 0 0,First,#,MUNICIPAL\OC_MUNIBND_2023\OC_MUNIBND_2023,UniqueName,0,34;HYPER "HYPER" true true false 95 Text 0 0,First,#,MUNICIPAL\OC_MUNIBND_2023\OC_MUNIBND_2023,HYPER,0,94;Shape__Area "Shape.STArea()" false true true 0 Double 0 0,First,#,MUNICIPAL\OC_MUNIBND_2023\OC_MUNIBND_2023,Shape__Area,-1,-1;Shape__Length "Shape.STLength()" false true true 0 Double 0 0,First,#,MUNICIPAL\OC_MUNIBND_2023\OC_MUNIBND_2023,Shape__Length,-1,-1" #</Process><Process ToolSource="c:\program files\arcgis\pro\Resources\ArcToolbox\toolboxes\Conversion Tools.tbx\ExportFeatures" Date="20240603" Time="091252">ExportFeatures OC_MUNIBNDRY_2023 C:\Temp\munibnd.shp # NOT_USE_ALIAS "OBJECTID_1 "OBJECTID_1" true true false 4 Long 0 0,First,#,OC_MUNIBNDRY_2023,OBJECTID_1,-1,-1;OBJECTID_2 "OBJECTID_2" true true false 4 Long 0 0,First,#,OC_MUNIBNDRY_2023,OBJECTID_2,-1,-1;OBJECTID_3 "OBJECTID_3" true true false 4 Long 0 0,First,#,OC_MUNIBNDRY_2023,OBJECTID_3,-1,-1;CITY "CITY" true true false 50 Text 0 0,First,#,OC_MUNIBNDRY_2023,CITY,0,49;TOWN "TOWN" true true false 50 Text 0 0,First,#,OC_MUNIBNDRY_2023,TOWN,0,49;VILLAGE "VILLAGE" true true false 50 Text 0 0,First,#,OC_MUNIBNDRY_2023,VILLAGE,0,49;Acres "Acres" true true false 8 Double 0 0,First,#,OC_MUNIBNDRY_2023,Acres,-1,-1;NAME "NAME" true true false 50 Text 0 0,First,#,OC_MUNIBNDRY_2023,NAME,0,49;UniqueName "UniqueName" true true false 35 Text 0 0,First,#,OC_MUNIBNDRY_2023,UniqueName,0,34;HYPER "HYPER" true true false 95 Text 0 0,First,#,OC_MUNIBNDRY_2023,HYPER,0,94;Shape_Length "Shape_Length" false true true 8 Double 0 0,First,#,OC_MUNIBNDRY_2023,Shape_Length,-1,-1;Shape_Area "Shape_Area" false true true 8 Double 0 0,First,#,OC_MUNIBNDRY_2023,Shape_Area,-1,-1" #</Process></lineage><itemProps><itemName Sync="TRUE">munibnd</itemName><imsContentType Sync="TRUE">002</imsContentType><itemSize Sync="TRUE">0.000</itemSize><itemLocation><linkage Sync="TRUE">file://\\PLA1L007\C$\Temp\munibnd.shp</linkage><protocol Sync="TRUE">Local Area Network</protocol></itemLocation></itemProps><coordRef><type Sync="TRUE">Projected</type><geogcsn Sync="TRUE">GCS_North_American_1983</geogcsn><csUnits Sync="TRUE">Linear Unit: Meter (1.000000)</csUnits><projcsn Sync="TRUE">NAD_1983_UTM_Zone_18N</projcsn><peXml Sync="TRUE">&lt;ProjectedCoordinateSystem xsi:type='typens:ProjectedCoordinateSystem' xmlns:xsi='http://www.w3.org/2001/XMLSchema-instance' xmlns:xs='http://www.w3.org/2001/XMLSchema' xmlns:typens='http://www.esri.com/schemas/ArcGIS/3.3.0'&gt;&lt;WKT&gt;PROJCS[&amp;quot;NAD_1983_UTM_Zone_18N&amp;quot;,GEOGCS[&amp;quot;GCS_North_American_1983&amp;quot;,DATUM[&amp;quot;D_North_American_1983&amp;quot;,SPHEROID[&amp;quot;GRS_1980&amp;quot;,6378137.0,298.257222101]],PRIMEM[&amp;quot;Greenwich&amp;quot;,0.0],UNIT[&amp;quot;Degree&amp;quot;,0.0174532925199433]],PROJECTION[&amp;quot;Transverse_Mercator&amp;quot;],PARAMETER[&amp;quot;False_Easting&amp;quot;,500000.0],PARAMETER[&amp;quot;False_Northing&amp;quot;,0.0],PARAMETER[&amp;quot;Central_Meridian&amp;quot;,-75.0],PARAMETER[&amp;quot;Scale_Factor&amp;quot;,0.9996],PARAMETER[&amp;quot;Latitude_Of_Origin&amp;quot;,0.0],UNIT[&amp;quot;Meter&amp;quot;,1.0],AUTHORITY[&amp;quot;EPSG&amp;quot;,26918]]&lt;/WKT&gt;&lt;XOrigin&gt;-5120900&lt;/XOrigin&gt;&lt;YOrigin&gt;-9998100&lt;/YOrigin&gt;&lt;XYScale&gt;450445547.3910538&lt;/XYScale&gt;&lt;ZOrigin&gt;-100000&lt;/ZOrigin&gt;&lt;ZScale&gt;10000&lt;/ZScale&gt;&lt;MOrigin&gt;-100000&lt;/MOrigin&gt;&lt;MScale&gt;10000&lt;/MScale&gt;&lt;XYTolerance&gt;0.001&lt;/XYTolerance&gt;&lt;ZTolerance&gt;0.001&lt;/ZTolerance&gt;&lt;MTolerance&gt;0.001&lt;/MTolerance&gt;&lt;HighPrecision&gt;true&lt;/HighPrecision&gt;&lt;WKID&gt;26918&lt;/WKID&gt;&lt;LatestWKID&gt;26918&lt;/LatestWKID&gt;&lt;/ProjectedCoordinateSystem&gt;</peXml></coordRef></DataProperties><SyncDate>20240603</SyncDate><SyncTime>09125200</SyncTime><ModDate>20240603</ModDate><ModTime>09125200</ModTime></Esri><dataIdInfo><envirDesc Sync="TRUE">Microsoft Windows 10 Version 10.0 (Build 19045) ; Esri ArcGIS 13.3.0.52636</envirDesc><dataLang><languageCode value="eng" Sync="TRUE"></languageCode><countryCode value="USA" Sync="TRUE"></countryCode></dataLang><idCitation><resTitle Sync="TRUE">munibnd</resTitle><presForm><PresFormCd value="005" Sync="TRUE"></PresFormCd></presForm></idCitation><spatRpType><SpatRepTypCd value="001" Sync="TRUE"></SpatRepTypCd></spatRpType></dataIdInfo><mdLang><languageCode value="eng" Sync="TRUE"></languageCode><countryCode value="USA" Sync="TRUE"></countryCode></mdLang><distInfo><distFormat><formatName Sync="TRUE">Shapefile</formatName></distFormat><distTranOps><transSize Sync="TRUE">0.000</transSize></distTranOps></distInfo><mdHrLv><ScopeCd value="005" Sync="TRUE"></ScopeCd></mdHrLv><mdHrLvName Sync="TRUE">dataset</mdHrLvName><refSysInfo><RefSystem><refSysID><identCode code="26918" Sync="TRUE"></identCode><idCodeSpace Sync="TRUE">EPSG</idCodeSpace><idVersion Sync="TRUE">6.11(3.0.1)</idVersion></refSysID></RefSystem></refSysInfo><spatRepInfo><VectSpatRep><geometObjs Name="munibnd"><geoObjTyp><GeoObjTypCd value="002" Sync="TRUE"></GeoObjTypCd></geoObjTyp><geoObjCnt Sync="TRUE">0</geoObjCnt></geometObjs><topLvl><TopoLevCd value="001" Sync="TRUE"></TopoLevCd></topLvl></VectSpatRep></spatRepInfo><spdoinfo><ptvctinf><esriterm Name="munibnd"><efeatyp Sync="TRUE">Simple</efeatyp><efeageom code="4" Sync="TRUE"></efeageom><esritopo Sync="TRUE">FALSE</esritopo><efeacnt Sync="TRUE">0</efeacnt><spindex Sync="TRUE">FALSE</spindex><linrefer Sync="TRUE">FALSE</linrefer></esriterm></ptvctinf></spdoinfo><eainfo><detailed Name="munibnd"><enttyp><enttypl Sync="TRUE">munibnd</enttypl><enttypt Sync="TRUE">Feature Class</enttypt><enttypc Sync="TRUE">0</enttypc></enttyp><attr><attrlabl Sync="TRUE">FID</attrlabl><attalias Sync="TRUE">FID</attalias><attrtype Sync="TRUE">OID</attrtype><attwidth Sync="TRUE">4</attwidth><atprecis Sync="TRUE">0</atprecis><attscale Sync="TRUE">0</attscale><attrdef Sync="TRUE">Internal feature number.</attrdef><attrdefs Sync="TRUE">Esri</attrdefs><attrdomv><udom Sync="TRUE">Sequential unique whole numbers that are automatically generated.</udom></attrdomv></attr><attr><attrlabl Sync="TRUE">Shape</attrlabl><attalias Sync="TRUE">Shape</attalias><attrtype Sync="TRUE">Geometry</attrtype><attwidth Sync="TRUE">0</attwidth><atprecis Sync="TRUE">0</atprecis><attscale Sync="TRUE">0</attscale><attrdef Sync="TRUE">Feature geometry.</attrdef><attrdefs Sync="TRUE">Esri</attrdefs><attrdomv><udom Sync="TRUE">Coordinates defining the features.</udom></attrdomv></attr><attr><attrlabl Sync="TRUE">OBJECTID_1</attrlabl><attalias Sync="TRUE">OBJECTID_1</attalias><attrtype Sync="TRUE">Integer</attrtype><attwidth Sync="TRUE">10</attwidth><atprecis Sync="TRUE">10</atprecis><attscale Sync="TRUE">0</attscale></attr><attr><attrlabl Sync="TRUE">OBJECTID_2</attrlabl><attalias Sync="TRUE">OBJECTID_2</attalias><attrtype Sync="TRUE">Integer</attrtype><attwidth Sync="TRUE">10</attwidth><atprecis Sync="TRUE">10</atprecis><attscale Sync="TRUE">0</attscale></attr><attr><attrlabl Sync="TRUE">OBJECTID_3</attrlabl><attalias Sync="TRUE">OBJECTID_3</attalias><attrtype Sync="TRUE">Integer</attrtype><attwidth Sync="TRUE">10</attwidth><atprecis Sync="TRUE">10</atprecis><attscale Sync="TRUE">0</attscale></attr><attr><attrlabl Sync="TRUE">CITY</attrlabl><attalias Sync="TRUE">CITY</attalias><attrtype Sync="TRUE">String</attrtype><attwidth Sync="TRUE">50</attwidth><atprecis Sync="TRUE">0</atprecis><attscale Sync="TRUE">0</attscale></attr><attr><attrlabl Sync="TRUE">TOWN</attrlabl><attalias Sync="TRUE">TOWN</attalias><attrtype Sync="TRUE">String</attrtype><attwidth Sync="TRUE">50</attwidth><atprecis Sync="TRUE">0</atprecis><attscale Sync="TRUE">0</attscale></attr><attr><attrlabl Sync="TRUE">VILLAGE</attrlabl><attalias Sync="TRUE">VILLAGE</attalias><attrtype Sync="TRUE">String</attrtype><attwidth Sync="TRUE">50</attwidth><atprecis Sync="TRUE">0</atprecis><attscale Sync="TRUE">0</attscale></attr><attr><attrlabl Sync="TRUE">Acres</attrlabl><attalias Sync="TRUE">Acres</attalias><attrtype Sync="TRUE">Double</attrtype><attwidth Sync="TRUE">19</attwidth><atprecis Sync="TRUE">0</atprecis><attscale Sync="TRUE">0</attscale></attr><attr><attrlabl Sync="TRUE">NAME</attrlabl><attalias Sync="TRUE">NAME</attalias><attrtype Sync="TRUE">String</attrtype><attwidth Sync="TRUE">50</attwidth><atprecis Sync="TRUE">0</atprecis><attscale Sync="TRUE">0</attscale></attr><attr><attrlabl Sync="TRUE">UniqueName</attrlabl><attalias Sync="TRUE">UniqueName</attalias><attrtype Sync="TRUE">String</attrtype><attwidth Sync="TRUE">35</attwidth><atprecis Sync="TRUE">0</atprecis><attscale Sync="TRUE">0</attscale></attr><attr><attrlabl Sync="TRUE">HYPER</attrlabl><attalias Sync="TRUE">HYPER</attalias><attrtype Sync="TRUE">String</attrtype><attwidth Sync="TRUE">95</attwidth><atprecis Sync="TRUE">0</atprecis><attscale Sync="TRUE">0</attscale></attr><attr><attrlabl Sync="TRUE">Shape_Leng</attrlabl><attalias Sync="TRUE">Shape_Leng</attalias><attrtype Sync="TRUE">Double</attrtype><attwidth Sync="TRUE">19</attwidth><atprecis Sync="TRUE">0</atprecis><attscale Sync="TRUE">0</attscale></attr><attr><attrlabl Sync="TRUE">Shape_Area</attrlabl><attalias Sync="TRUE">Shape_Area</attalias><attrtype Sync="TRUE">Double</attrtype><attwidth Sync="TRUE">19</attwidth><atprecis Sync="TRUE">0</atprecis><attscale Sync="TRUE">0</attscale><attrdef Sync="TRUE">Area of feature in internal units squared.</attrdef><attrdefs Sync="TRUE">Esri</attrdefs><attrdomv><udom Sync="TRUE">Positive real numbers that are automatically generated.</udom></attrdomv></attr></detailed></eainfo><mdDateSt Sync="TRUE">20240603</mdDateSt></metadata>
